{
  "DataVersion": 0,
  "Entities": [
    {
    "id": "{990c5409-dedf-438f-b0f8-7eb0d6740b60}",
    "type": "Text",
    "parentID": "{c3f87945-e372-4f85-bde2-9d99d3633125}",
    "name": "ROOM_NAME",
    "position": {
        "x": 0.0000034794211387634277,
        "y": 0.73944091796875,
        "z": 0.00038433074951171875
    },
    "dimensions": {
        "x": 0.7599999904632568,
        "y": 0.2322310507297516,
        "z": 0.009999999776482582
    },
    "rotation": {
        "x": -0.0000152587890625,
        "y": -0.0000152587890625,
        "z": -0.0000152587890625,
        "w": 1
    },
    "grab": {
        "grabbable": false
    },
    "collisionless": true,
    "serverScripts": "../entityServerScripts/noFunction.js",
    "text": "AVAILABLE",
    "lineHeight": 0.08299999684095383,
    "textColor": {
        "red": 0,
        "green": 0,
        "blue": 0
    },
    "backgroundColor": {
        "red": 125,
        "green": 255,
        "blue": 125
    },
    "leftMargin": 0.029999999329447746,
    "topMargin": 0.14000000059604645
},
    {
    "id": "{96e394bf-947d-4263-8538-9d5a38148378}",
    "type": "Text",
    "parentID": "{c3f87945-e372-4f85-bde2-9d99d3633125}",
    "name": "ROOM CLOCK",
    "userData": "{\"timezoneName\":\"PDT\",\"timezoneOffset\":\"7\"}",
    "position": {
        "x": -0.010195575654506683,
        "y": 0.74078369140625,
        "z": 0.01810169219970703
    },
    "dimensions": {
        "x": 0.6709683537483215,
        "y": 0.17838022112846375,
        "z": 0.009999999776482582
    },
    "rotation": {
        "x": 0.0001678466796875,
        "y": -0.0000152587890625,
        "z": 0.0000762939453125,
        "w": 1
    },
    "grab": {
        "grabbable": false
    },
    "serverScripts": "../entityServerScripts/clockServer.js",
    "text": "12:00pm PDT",
    "lineHeight": 0.12300000339746475,
    "backgroundColor": {
        "red": 64,
        "green": 64,
        "blue": 64
    },
    "backgroundAlpha": 0
},
    {
    "id": "{f5eb39b8-29a4-40df-ba35-872eae28d7d4}",
    "type": "Text",
    "lastEdited": 1555528281161019,
    "parentID": "{c3f87945-e372-4f85-bde2-9d99d3633125}",
    "name": "ROOM_OCCUPANTS",
    "userData": "{\"roomOccupantListID\":\"\",\"roomScheduleID\":\"\"}",
    "position": {
        "x": -0.00028621405363082886,
        "y": -0.27850341796875,
        "z": 0.009999275207519531
    },
    "dimensions": {
        "x": 0.6600000262260437,
        "y": 0.5899999737739563,
        "z": 0.009999999776482582
    },
    "rotation": {
        "x": -0.0000152587890625,
        "y": -0.0000152587890625,
        "z": -0.0000152587890625,
        "w": 1
    },
    "grab": {
        "grabbable": false
    },
    "collisionless": true,
    "serverScripts": "../entityServerScripts/hiFiCalendarServer.js",
    "lineHeight": 0.04800000041723251,
    "backgroundColor": {
        "red": 46,
        "green": 46,
        "blue": 46
    },
    "leftMargin": 0.019999999552965164,
    "rightMargin": 0.019999999552965164,
    "topMargin": 0.019999999552965164,
    "bottomMargin": 0.019999999552965164
},
    {
    "id": "{f61f2fdd-e5c3-4b6c-8a7f-b0a36dd87dd5}",
    "type": "Text",
    "lastEdited": 1555528301846224,
    "parentID": "{c3f87945-e372-4f85-bde2-9d99d3633125}",
    "name": "ROOM_COLOR_OCCUPANTS",
    "position": {
        "x": -0.14301589131355286,
        "y": 0.05120849609375,
        "z": 0.009983062744140625
    },
    "dimensions": {
        "x": 0.3237500786781311,
        "y": 0.0722164660692215,
        "z": 0.009999999776482582
    },
    "rotation": {
        "x": -0.0001373291015625,
        "y": -0.0000457763671875,
        "z": -0.0001068115234375,
        "w": 1
    },
    "grab": {
        "grabbable": false
    },
    "collisionless": true,
    "serverScripts": "../entityServerScripts/noFunction.js",
    "text": "occupants",
    "lineHeight": 0.07199999690055847,
    "textColor": {
        "red": 168,
        "green": 255,
        "blue": 168
    },
    "backgroundAlpha": 0
},
    {
    "id": "{c3f87945-e372-4f85-bde2-9d99d3633125}",
    "type": "Text",
    "lastEdited": 1555528330931329,
    "name": "ROOM_SCHEDULE",
    "userData": "{\"roomScheduleID\":\"\",\"roomCalendarAddress\":\"\",\"roomColorOccupantsID\":\"\",\"roomClockID\":\"\",\"roomOccupantsListID\":\"\",\"roomColorID\":\"\",\"token\":\"\",\"expireTime\":\"\",\"timezoneOffset\":\"7\",\"timezoneName\":\"PDT\"}",
    "dimensions": {
        "x": 0.7599999904632568,
        "y": 1.25,
        "z": 0.009999999776482582
    },
    "rotation": {
        "x": -0.0001068115234375,
        "y": -0.7047989368438721,
        "z": -0.0001068115234375,
        "w": 0.7094072103500366
    },
    "grab": {
        "grabbable": false
    },
    "collisionless": true,
    "serverScripts": "../entityServerScripts/hiFiCalendarServer.js",
    "text": "Scheduled meetings will appear here.",
    "lineHeight": 0.061000000685453415,
    "leftMargin": 0.029999999329447746,
    "rightMargin": 0.029999999329447746,
    "topMargin": 0.029999999329447746,
    "bottomMargin": 0.699999988079071
}
    ],
  "Id": "{8ae12c2d-f18d-4a1a-9fee-208808367015}",
  "Version": 118
}
