{
  "DataVersion": 0,
  "Entities": [
    {
    "id": "{8cdd4a69-7565-41f0-9577-f878f94ffd56}",
    "type": "Image",
    "lastEdited": 1553550292652792,
    "parentID": "{b8a309a0-3ed9-4483-92c9-845574675dc2}",
    "name": "Vending Machine Button 1",
    "locked": true,
    "position": {
        "x": 0,
        "y": 0,
        "z": 0.14000000059604645
    },
    "dimensions": {
        "x": 0.6011000275611877,
        "y": 0.31470000743865967,
        "z": 0.009999999776482582
    },
    "rotation": {
        "x": 0.0000152587890625,
        "y": 0.0000152587890625,
        "z": 0.0000152587890625,
        "w": 1
    },
    "created": 1551915950254177,
    "lastEditedBy": "{a792764e-21db-4849-a5f1-0c7ad468842d}",
    "queryAACube": {
        "x": -22.946109771728516,
        "y": -9.792338371276855,
        "z": 8.121749877929688,
        "scale": 0.678570032119751
    },
    "grab": {
        "grabbable": false,
        "triggerable": true,
        "equippableLeftRotation": {
            "x": -0.0000152587890625,
            "y": -0.0000152587890625,
            "z": -0.0000152587890625,
            "w": 1
        },
        "equippableRightRotation": {
            "x": -0.0000152587890625,
            "y": -0.0000152587890625,
            "z": -0.0000152587890625,
            "w": 1
        }
    },
    "damping": 0,
    "angularDamping": 0,
    "collisionless": true,
    "ignoreForCollisions": true,
    "script": "../entityResources/entityClientScripts/vendingMachineButton.js",
    "scriptTimestamp": 1551310666567,
    "imageURL": "",
    "emissive": true,
    "keepAspectRatio": false,
    "textures": {
        "tex.picture": ""
    },
    "clientOnly": false,
    "avatarEntity": false,
    "localEntity": false,
    "faceCamera": false,
    "isFacingAvatar": false
},
    {
    "id": "{b8a309a0-3ed9-4483-92c9-845574675dc2}",
    "type": "Box",
    "lastEdited": 1553550292654706,
    "parentID": "{96a6c1d4-9713-4a2e-bf32-c5b8c80f1a19}",
    "name": "Vending Machine Button 1",
    "locked": true,
    "position": {
        "x": -0.34051513671875,
        "y": 0.6714935302734375,
        "z": 0.3157971501350403
    },
    "dimensions": {
        "x": 0.6317158937454224,
        "y": 0.3431677222251892,
        "z": 0.2367202192544937
    },
    "rotation": {
        "x": -0.0000152587890625,
        "y": -0.0000152587890625,
        "z": -0.0000152587890625,
        "w": 1
    },
    "created": 1551915950252292,
    "lastEditedBy": "{a792764e-21db-4849-a5f1-0c7ad468842d}",
    "queryAACube": {
        "x": -23.125255584716797,
        "y": -9.831502914428711,
        "z": 8.082584381103516,
        "scale": 0.8577156066894531
    },
    "grab": {
        "grabbable": false,
        "triggerable": true,
        "equippableLeftRotation": {
            "x": -0.0000152587890625,
            "y": -0.0000152587890625,
            "z": -0.0000152587890625,
            "w": 1
        },
        "equippableRightRotation": {
            "x": -0.0000152587890625,
            "y": -0.0000152587890625,
            "z": -0.0000152587890625,
            "w": 1
        }
    },
    "damping": 0,
    "angularDamping": 0,
    "script": "../entityResources/entityClientScripts/vendingMachineButton.js",
    "scriptTimestamp": 1551304917740,
    "shape": "Cube",
    "clientOnly": false,
    "avatarEntity": false,
    "localEntity": false,
    "faceCamera": false,
    "isFacingAvatar": false
},
    {
    "id": "{15b7055a-e063-4c98-a862-c2fdb216f1b8}",
    "type": "Image",
    "lastEdited": 1553550292656807,
    "parentID": "{45a9ab63-7124-4aa7-b6a2-ee49ab8e67ab}",
    "name": "Vending Machine Button 3",
    "locked": true,
    "position": {
        "x": 0,
        "y": 0,
        "z": 0.14000000059604645
    },
    "dimensions": {
        "x": 0.6010810732841492,
        "y": 0.31466060876846313,
        "z": 0.009999999776482582
    },
    "rotation": {
        "x": 0.0000152587890625,
        "y": 0.0000152587890625,
        "z": 0.0000152587890625,
        "w": 1
    },
    "created": 1551915950251089,
    "lastEditedBy": "{a792764e-21db-4849-a5f1-0c7ad468842d}",
    "queryAACube": {
        "x": -22.955974578857422,
        "y": -10.220818519592285,
        "z": 8.121803283691406,
        "scale": 0.678534984588623
    },
    "grab": {
        "grabbable": false,
        "triggerable": true,
        "equippableLeftRotation": {
            "x": -0.0000152587890625,
            "y": -0.0000152587890625,
            "z": -0.0000152587890625,
            "w": 1
        },
        "equippableRightRotation": {
            "x": -0.0000152587890625,
            "y": -0.0000152587890625,
            "z": -0.0000152587890625,
            "w": 1
        }
    },
    "damping": 0,
    "angularDamping": 0,
    "collisionless": true,
    "ignoreForCollisions": true,
    "script": "../entityResources/entityClientScripts/vendingMachineButton.js",
    "scriptTimestamp": 1551310747201,
    "imageURL": "",
    "emissive": true,
    "keepAspectRatio": false,
    "textures": {
        "tex.picture": ""
    },
    "clientOnly": false,
    "avatarEntity": false,
    "localEntity": false,
    "faceCamera": false,
    "isFacingAvatar": false
},
    {
    "id": "{45a9ab63-7124-4aa7-b6a2-ee49ab8e67ab}",
    "type": "Box",
    "lastEdited": 1553550292657206,
    "parentID": "{96a6c1d4-9713-4a2e-bf32-c5b8c80f1a19}",
    "name": "Vending Machine Button 3",
    "locked": true,
    "position": {
        "x": -0.34051513671875,
        "y": 0.2429962158203125,
        "z": 0.3058964014053345
    },
    "dimensions": {
        "x": 0.6317158937454224,
        "y": 0.3431677222251892,
        "z": 0.2367202192544937
    },
    "rotation": {
        "x": -0.0000152587890625,
        "y": -0.0000152587890625,
        "z": -0.0000152587890625,
        "w": 1
    },
    "created": 1551915950252661,
    "lastEditedBy": "{a792764e-21db-4849-a5f1-0c7ad468842d}",
    "queryAACube": {
        "x": -23.1351375579834,
        "y": -10.260000228881836,
        "z": 8.082620620727539,
        "scale": 2.3729400634765625
    },
    "grab": {
        "grabbable": false,
        "triggerable": true,
        "equippableLeftRotation": {
            "x": -0.0000152587890625,
            "y": -0.0000152587890625,
            "z": -0.0000152587890625,
            "w": 1
        },
        "equippableRightRotation": {
            "x": -0.0000152587890625,
            "y": -0.0000152587890625,
            "z": -0.0000152587890625,
            "w": 1
        }
    },
    "damping": 0,
    "angularDamping": 0,
    "script": "../entityResources/entityClientScripts/vendingMachineButton.js",
    "scriptTimestamp": 1551304917740,
    "shape": "Cube",
    "clientOnly": false,
    "avatarEntity": false,
    "localEntity": false,
    "faceCamera": false,
    "isFacingAvatar": false
},
    {
    "id": "{44665876-5968-4771-8664-9753fc9536a3}",
    "type": "Box",
    "lastEdited": 1553550292656497,
    "parentID": "{96a6c1d4-9713-4a2e-bf32-c5b8c80f1a19}",
    "name": "Vending Machine Button 2",
    "locked": true,
    "position": {
        "x": 0.318572998046875,
        "y": 0.6715011596679688,
        "z": 0.3058893382549286
    },
    "dimensions": {
        "x": 0.6317158937454224,
        "y": 0.3431677222251892,
        "z": 0.2367202192544937
    },
    "rotation": {
        "x": -0.0000152587890625,
        "y": -0.0000152587890625,
        "z": -0.0000152587890625,
        "w": 1
    },
    "created": 1551915950253426,
    "lastEditedBy": "{a792764e-21db-4849-a5f1-0c7ad468842d}",
    "queryAACube": {
        "x": -23.135128021240234,
        "y": -9.831552505493164,
        "z": 7.423530101776123,
        "scale": 2.3729195594787598
    },
    "grab": {
        "grabbable": false,
        "triggerable": true,
        "equippableLeftRotation": {
            "x": -0.0000152587890625,
            "y": -0.0000152587890625,
            "z": -0.0000152587890625,
            "w": 1
        },