{
  "DataVersion": 0,
  "Entities": [
    {
    "id": "{90dc2125-c416-436b-8736-e6628c801369}",
    "type": "Image",
    "lastEdited": 1551678759506783,
    "name": "Vending Machine Button 4",
    "position": {
        "x": 0,
        "y": 0,
        "z": 0.14000000059604645
    },
    "dimensions": {
        "x": 0.6010810732841492,
        "y": 0.31466060876846313,
        "z": 0.009999999776482582
    },
    "rotation": {
        "x": 0.0000152587890625,
        "y": 0.0000152587890625,
        "z": 0.0000152587890625,
        "w": 1
    },
    "created": 1551310296720089,
    "lastEditedBy": "{60d81bed-8992-4f24-940d-0df610eca02c}",
    "parentID": "{0645031c-5c3a-4796-9b88-5dc4e539ec1c}",
    "queryAACube": {
        "x": 415.12152099609375,
        "y": -75.92988586425781,
        "z": 315.064208984375,
        "scale": 0.678534984588623
    },
    "grab": {
        "grabbable": false,
        "triggerable": true,
        "equippableLeftRotation": {
            "x": -0.0000152587890625,
            "y": -0.0000152587890625,
            "z": -0.0000152587890625,
            "w": 1
        },
        "equippableRightRotation": {
            "x": -0.0000152587890625,
            "y": -0.0000152587890625,
            "z": -0.0000152587890625,
            "w": 1
        }
    },
    "damping": 0,
    "angularDamping": 0,
    "collisionless": true,
    "ignoreForCollisions": true,
    "script": "./entityResources/entityClientScripts/vendingMachineButton.js",
    "scriptTimestamp": 1551310676828,
    "imageURL": "",
    "emissive": true,
    "keepAspectRatio": false,
    "textures": {
        "tex.picture": ""
    },
    "clientOnly": false,
    "avatarEntity": false,
    "localEntity": false,
    "faceCamera": false,
    "isFacingAvatar": false
},
    {
    "id": "{7a989fb7-25ce-401b-950f-a5f752a41aca}",
    "type": "Box",
    "lastEdited": 1551678759507509,
    "name": "Vending Machine Button 2",
    "position": {
        "x": 0.318572998046875,
        "y": 0.6715011596679688,
        "z": 0.3058893382549286
    },
    "dimensions": {
        "x": 0.6317158937454224,
        "y": 0.3431677222251892,
        "z": 0.2367202192544937
    },
    "rotation": {
        "x": -0.0000152587890625,
        "y": -0.0000152587890625,
        "z": -0.0000152587890625,
        "w": 1
    },
    "created": 1551310287054271,
    "lastEditedBy": "{60d81bed-8992-4f24-940d-0df610eca02c}",
    "parentID": "{7875c45f-4de6-421e-9ba4-24d8eea6c91e}",
    "queryAACube": {
        "x": 415.0823059082031,
        "y": -75.54056549072266,
        "z": 314.8849792480469,
        "scale": 0.85772705078125
    },
    "grab": {
        "grabbable": false,
        "triggerable": true,
        "equippableLeftRotation": {
            "x": -0.0000152587890625,
            "y": -0.0000152587890625,
            "z": -0.0000152587890625,
            "w": 1
        },
        "equippableRightRotation": {
            "x": -0.0000152587890625,
            "y": -0.0000152587890625,
            "z": -0.0000152587890625,
            "w": 1
        }
    },
    "damping": 0,
    "angularDamping": 0,
    "script": "./entityResources/entityClientScripts/vendingMachineButton.js",
    "scriptTimestamp": 1551304917740,
    "shape": "Cube",
    "clientOnly": false,
    "avatarEntity": false,
    "localEntity": false,
    "faceCamera": false,
    "isFacingAvatar": false
},
    {
    "id": "{0645031c-5c3a-4796-9b88-5dc4e539ec1c}",
    "type": "Box",
    "lastEdited": 1551678759506783,
    "name": "Vending Machine Button 4",
    "position": {
        "x": 0.318603515625,
        "y": 0.2429962158203125,
        "z": 0.3059068024158478
    },
    "dimensions": {
        "x": 0.6317158937454224,
        "y": 0.3431677222251892,
        "z": 0.2367202192544937
    },
    "rotation": {
        "x": -0.0000152587890625,
        "y": -0.0000152587890625,
        "z": -0.0000152587890625,
        "w": 1
    },
    "created": 1551310296721298,
    "lastEditedBy": "{60d81bed-8992-4f24-940d-0df610eca02c}",
    "parentID": "{7875c45f-4de6-421e-9ba4-24d8eea6c91e}",
    "queryAACube": {
        "x": 415.08233642578125,
        "y": -75.96907043457031,
        "z": 314.885009765625,
        "scale": 0.85772705078125
    },
    "grab": {
        "grabbable": false,
        "triggerable": true,
        "equippableLeftRotation": {
            "x": -0.0000152587890625,
            "y": -0.0000152587890625,
            "z": -0.0000152587890625,
            "w": 1
        },
        "equippableRightRotation": {
            "x": -0.0000152587890625,
            "y": -0.0000152587890625,
            "z": -0.0000152587890625,
            "w": 1
        }
    },
    "damping": 0,
    "angularDamping": 0,
    "script": "./entityResources/entityClientScripts/vendingMachineButton.js",
    "scriptTimestamp": 1551304917740,
    "shape": "Cube",
    "clientOnly": false,
    "avatarEntity": false,
    "localEntity": false,
    "faceCamera": false,
    "isFacingAvatar": false
},
    {
    "id": "{93f180be-1adc-4e99-a4e6-680094d2c59b}",
    "type": "Image",
    "lastEdited": 1551678759507285,
    "name": "Vending Machine Button 3",
    "position": {
        "x": 0,
        "y": 0,
        "z": 0.14000000059604645
    },
    "dimensions": {
        "x": 0.6010810732841492,
        "y": 0.31466060876846313,
        "z": 0.009999999776482582
    },
    "rotation": {
        "x": 0.0000152587890625,
        "y": 0.0000152587890625,
        "z": 0.0000152587890625,
        "w": 1
    },
    "created": 1551310296717821,
    "lastEditedBy": "{60d81bed-8992-4f24-940d-0df610eca02c}",
    "parentID": "{6c26d25b-1509-449f-82d7-beea5fb5818f}",
    "queryAACube": {
        "x": 414.46240234375,
        "y": -75.92986297607422,
        "z": 315.0641784667969,
        "scale": 0.678534984588623
    },
    "grab": {
        "grabbable": false,
        "triggerable": true,
        "equippableLeftRotation": {
            "x": -0.0000152587890625,
            "y": -0.0000152587890625,
            "z": -0.0000152587890625,
            "w": 1
        },
        "equippableRightRotation": {
            "x": -0.0000152587890625,
            "y": -0.0000152587890625,
            "z": -0.0000152587890625,
            "w": 1
        }
    },
    "damping": 0,
    "angularDamping": 0,
    "collisionless": true,
    "ignoreForCollisions": true,
    "script": "./entityResources/entityClientScripts/vendingMachineButton.js",
    "scriptTimestamp": 1551310747201,
    "imageURL": "",
    "emissive": true,
    "keepAspectRatio": false,
    "textures": {
        "tex.picture": ""
    },
    "clientOnly": false,
    "avatarEntity": false,
    "localEntity": false,
    "faceCamera": false,
    "isFacingAvatar": false
},
    {
    "id": "{9fdf1692-2494-44a2-b12d-26e7cd8f222a}",
    "type": "Image",
    "lastEdited": 1551678759507053,
    "name": "Vending Machine Button 1",
    "position": {
        "x": 0,
        "y": 0,
        "z": 0.14000000059604645
    },
    "dimensions": {
        "x": 0.6011000275611877,
        "y": 0.31470000743865967,
        "z": 0.009999999776482582
    },
    "rotation": {
        "x": 0.0000152587890625,
        "y": 0.0000152587890625,
        "z": 0.0000152587890625,
        "w": 1
    },
    "created": 1551310053850618,
    "lastEditedBy": "{60d81bed-8992-4f24-940d-0df610eca02c}",
    "parentID": "{23d6440a-7330-4a94-ba44-02596a4422fe}",
    "queryAACube": {
        "x": 414.4623718261719,
        "y": -75.50138854980469,
        "z": 315.07403564453125,
        "scale": 0.678570032119751
    },
    "grab": {
        "grabbable": false,
        "triggerable": true,
        "equippableLeftRotation": {
            "x": -0.0000152587890625,
            "y": -0.0000152587890625,
            "z": -0.0000152587890625,
            "w": 1
        },
        "equippableRightRotation": {
            "x": -0.0000152587890625,
            "y": -0.0000152587890625,
            "z": -0.0000152587890625,
            "w": 1
        }
    },