{
  "DataVersion": 0,
  "Entities": [
    {
    "id": "{a0dced26-9d96-40db-b597-a115478a6561}",
    "type": "Shape",
    "lastEdited": 1555433193772322,
    "parentID": "{b6524615-e4ba-4fe9-a2c4-ec5062044014}",
    "name": "Whiteboard Palette Square",
    "userData": "{\"textureURL\":\"../resources/textures/yellow.png\"}",
    "position": {
        "x": -0.08388011157512665,
        "y": 0.99993896484375,
        "z": -0.046478271484375
    },
    "dimensions": {
        "x": 0.15000000596046448,
        "y": 0.019999999552965164,
        "z": 0.15000000596046448
    },
    "rotation": {
        "x": -0.7069657444953918,
        "y": 0.0185091495513916,
        "z": 0.0184481143951416,
        "w": 0.7067825794219971
    },
    "created": 1555353776079216,
    "lastEditedBy": "{4692ce77-d300-4c33-813e-d6fac10cbc17}",
    "queryAACube": {
        "x": -64.57659149169922,
        "y": 892.3155517578125,
        "z": -3.342637538909912,
        "scale": 0.2130727618932724
    },
    "grab": {
        "grabbable": false,
        "equippableLeftRotation": {
            "x": -0.0000152587890625,
            "y": -0.0000152587890625,
            "z": -0.0000152587890625,
            "w": 1
        },
        "equippableRightRotation": {
            "x": -0.0000152587890625,
            "y": -0.0000152587890625,
            "z": -0.0000152587890625,
            "w": 1
        }
    },
    "damping": 0,
    "angularDamping": 0,
    "collisionMask": 7,
    "collidesWith": "static,dynamic,kinematic,",
    "script": "../entityClientScripts/drawSphereSpawnerClient.js",
    "scriptTimestamp": 1553876735507,
    "color": {
        "red": 255,
        "green": 237,
        "blue": 0
    },
    "shape": "Cylinder",
    "clientOnly": false,
    "avatarEntity": false,
    "localEntity": false,
    "faceCamera": false,
    "isFacingAvatar": false
},
    {
    "id": "{277499bc-52bd-4053-922d-7203166ac141}",
    "type": "Shape",
    "lastEdited": 1555433676520537,
    "parentID": "{b6524615-e4ba-4fe9-a2c4-ec5062044014}",
    "name": "Whiteboard Palette Square",
    "userData": "{\"textureURL\":\"../resources/textures/magenta.png\"}",
    "position": {
        "x": 0.07782323658466339,
        "y": 0.999755859375,
        "z": -0.05089569091796875
    },
    "dimensions": {
        "x": 0.15000000596046448,
        "y": 0.019999999552965164,
        "z": 0.15000000596046448
    },
    "rotation": {
        "x": 0.7070573568344116,
        "y": 0.006149411201477051,
        "z": -0.006240963935852051,
        "w": 0.7070573568344116
    },
    "created": 1555353776079845,
    "lastEditedBy": "{52001bf7-8b71-47f6-a82c-576a747f9ecb}",
    "queryAACube": {
        "x": -64.58100128173828,
        "y": 892.3153686523438,
        "z": -3.5043323040008545,
        "scale": 0.2130727618932724
    },
    "grab": {
        "grabbable": false,
        "equippableLeftRotation": {
            "x": -0.0000152587890625,
            "y": -0.0000152587890625,
            "z": -0.0000152587890625,
            "w": 1
        },
        "equippableRightRotation": {
            "x": -0.0000152587890625,
            "y": -0.0000152587890625,
            "z": -0.0000152587890625,
            "w": 1
        }
    },
    "damping": 0,
    "angularDamping": 0,
    "collisionMask": 7,
    "collidesWith": "static,dynamic,kinematic,",
    "script": "../entityClientScripts/drawSphereSpawnerClient.js",
    "scriptTimestamp": 1553806847340,
    "color": {
        "red": 255,
        "green": 66,
        "blue": 167
    },
    "shape": "Cylinder",
    "clientOnly": false,
    "avatarEntity": false,
    "localEntity": false,
    "faceCamera": false,
    "isFacingAvatar": false
},
    {
    "id": "{81d7f0ff-17c6-432c-86de-a1e980259940}",
    "type": "Shape",
    "lastEdited": 1555433473638900,
    "parentID": "{b6524615-e4ba-4fe9-a2c4-ec5062044014}",
    "name": "Whiteboard Palette Square",
    "userData": "{\"textureURL\":\"../resources/textures/black.png\"}",
    "position": {
        "x": -0.886026918888092,
        "y": 1,
        "z": -0.049072265625
    },
    "dimensions": {
        "x": 0.15000000596046448,
        "y": 0.019999999552965164,
        "z": 0.15000000596046448
    },
    "rotation": {
        "x": -0.7073014378547668,
        "y": 0.0184175968170166,
        "z": 0.0184481143951416,
        "w": 0.7064468860626221
    },
    "created": 1555353776078688,
    "lastEditedBy": "{4692ce77-d300-4c33-813e-d6fac10cbc17}",
    "queryAACube": {
        "x": -64.57923126220703,
        "y": 892.3156127929688,
        "z": -2.5405335426330566,
        "scale": 0.2130727618932724
    },
    "grab": {
        "grabbable": false,
        "equippableLeftRotation": {
            "x": -0.0000152587890625,
            "y": -0.0000152587890625,
            "z": -0.0000152587890625,
            "w": 1
        },
        "equippableRightRotation": {
            "x": -0.0000152587890625,
            "y": -0.0000152587890625,
            "z": -0.0000152587890625,
            "w": 1
        }
    },
    "damping": 0,
    "angularDamping": 0,
    "collisionMask": 7,
    "collidesWith": "static,dynamic,kinematic,",
    "script": "../entityClientScripts/drawSphereSpawnerClient.js",
    "scriptTimestamp": 1553806847340,
    "color": {
        "red": 0,
        "green": 0,
        "blue": 0
    },
    "shape": "Cylinder",
    "clientOnly": false,
    "avatarEntity": false,
    "localEntity": false,
    "faceCamera": false,
    "isFacingAvatar": false
},
    {
    "id": "{9eafa3f2-8b93-408c-a842-41d1a9f8f9f6}",
    "type": "Shape",
    "lastEdited": 1555433591292030,
    "parentID": "{b6524615-e4ba-4fe9-a2c4-ec5062044014}",
    "name": "Whiteboard Palette Square",
    "userData": "{\"textureURL\":\"../resources/textures/blue.png\"}",
    "position": {
        "x": -0.5632861852645874,
        "y": 1,
        "z": -0.04937744140625
    },
    "dimensions": {
        "x": 0.15000000596046448,
        "y": 0.019999999552965164,
        "z": 0.15000000596046448
    },
    "rotation": {
        "x": -0.7070267796516418,
        "y": 0.0184481143951416,
        "z": 0.0184481143951416,
        "w": 0.7067215442657471
    },
    "created": 1555353776079401,
    "lastEditedBy": "{4692ce77-d300-4c33-813e-d6fac10cbc17}",
    "queryAACube": {
        "x": -64.57952117919922,
        "y": 892.3156127929688,
        "z": -2.8632571697235107,
        "scale": 0.2130727618932724
    },
    "grab": {
        "grabbable": false,
        "equippableLeftRotation": {
            "x": -0.0000152587890625,
            "y": -0.0000152587890625,
            "z": -0.0000152587890625,
            "w": 1
        },
        "equippableRightRotation": {
            "x": -0.0000152587890625,
            "y": -0.0000152587890625,
            "z": -0.0000152587890625,
            "w": 1
        }
    },
    "damping": 0,
    "angularDamping": 0,
    "collisionMask": 7,
    "collidesWith": "static,dynamic,kinematic,",
    "script": "../entityClientScripts/drawSphereSpawnerClient.js",
    "scriptTimestamp": 1553806847340,
    "color": {
        "red": 23,
        "green": 41,
        "blue": 131
    },
    "shape": "Cylinder",
    "clientOnly": false,
    "avatarEntity": false,
    "localEntity": false,
    "faceCamera": false,
    "isFacingAvatar": false
},
    {
    "id": "{b7bc2615-373f-4461-af42-5238e1b17ba1}",
    "type": "Shape",
    "lastEdited": 1555433193770214,
    "parentID": "{b6524615-e4ba-4fe9-a2c4-ec5062044014}",
    "name": "Whiteboard Palette Square",
    "userData": "{\"textureURL\":\"../resources/textures/red.png\"}",
    "position": {
        "x": -0.7231253385543823,
        "y": 1,
        "z": -0.0504150390625
    },
    "dimensions": {
        "x": 0.15000000596046448,
        "y": 0.019999999552965164,
        "z": 0.1599999964237213
    },
    "rotation": {
        "x": -0.7069962620735168,
        "y": 0.0184481143951416,
        "z": 0.0184481143951416,
        "w": 0.7067520618438721
    },