{
  "DataVersion": 0,
  "Entities": [
    {
    "id": "{45901849-0d06-4506-947e-41948b071c2e}",
    "type": "Text",
    "lastEdited": 1556301580729918,
    "parentID": "{3929e833-9927-4645-88a1-ad1fc2976cd5}",
    "name": "Pod Mod Timezone",
    "localPosition": {
        "x": -2.158367156982422,
        "y": 0.0662841796875,
        "z": -0.6715229153633118
    },
    "dimensions": {
        "x": 0.8377726078033447,
        "y": 0.25953996181488037,
        "z": 0.009999999776482582
    },
    "rotation": {
        "x": -0.0000457763671875,
        "y": 0.7077287435531616,
        "z": 0.0000152587890625,
        "w": 0.7064468860626221
    },
    "created": 1556301332444561,
    "lastEditedBy": "{7673bad1-c1bb-4acf-b7cf-cd2b10004b8a}",
    "queryAACube": {
        "x": -42.4364013671875,
        "y": 891.093505859375,
        "z": 13.819225311279297,
        "scale": 0.8771111369132996
    },
    "grab": {
        "grabbable": false,
        "equippableLeftRotation": {
            "x": -0.0000152587890625,
            "y": -0.0000152587890625,
            "z": -0.0000152587890625,
            "w": 1
        },
        "equippableRightRotation": {
            "x": -0.0000152587890625,
            "y": -0.0000152587890625,
            "z": -0.0000152587890625,
            "w": 1
        }
    },
    "damping": 0,
    "angularDamping": 0,
    "text": "San Francisco",
    "lineHeight": 0.11999999731779099,
    "textColor": {
        "red": 66,
        "green": 66,
        "blue": 66
    },
    "backgroundAlpha": 0,
    "clientOnly": false,
    "avatarEntity": false,
    "localEntity": false,
    "faceCamera": false,
    "isFacingAvatar": false
},
    {
    "id": "{49499e5a-5297-4fb9-b30d-e5e15646d962}",
    "type": "Text",
    "lastEdited": 1556301601051446,
    "parentID": "{3929e833-9927-4645-88a1-ad1fc2976cd5}",
    "name": "Pod Mod Clock",
    "userData": "{\"grabbableKey\":{\"grabbable\":false}}",
    "localPosition": {
        "x": -2.1704750061035156,
        "y": 0.267578125,
        "z": -0.6789287328720093
    },
    "dimensions": {
        "x": 0.8880290389060974,
        "y": 0.2879684567451477,
        "z": 0.009999999776482582
    },
    "rotation": {
        "x": -0.0001373291015625,
        "y": -0.6988174319267273,
        "z": -0.0001678466796875,
        "w": -0.7153276801109314
    },
    "created": 1556301332444864,
    "lastEditedBy": "{2935417b-5bc7-42c5-a695-04fda0e8b86f}",
    "queryAACube": {
        "x": -42.476661682128906,
        "y": 891.2665405273438,
        "z": 13.78343677520752,
        "scale": 0.9336066842079163
    },
    "grab": {
        "grabbable": false,
        "equippableLeftRotation": {
            "x": -0.0000152587890625,
            "y": -0.0000152587890625,
            "z": -0.0000152587890625,
            "w": 1
        },
        "equippableRightRotation": {
            "x": -0.0000152587890625,
            "y": -0.0000152587890625,
            "z": -0.0000152587890625,
            "w": 1
        }
    },
    "serverScripts": "http://hifi-content.s3-us-west-1.amazonaws.com/rebecca/LoadTest/clockPST.js",
    "text": "10:59am",
    "lineHeight": 0.20000000298023224,
    "textColor": {
        "red": 92,
        "green": 92,
        "blue": 92
    },
    "backgroundColor": {
        "red": 64,
        "green": 64,
        "blue": 64
    },
    "backgroundAlpha": 0,
    "clientOnly": false,
    "avatarEntity": false,
    "localEntity": false,
    "faceCamera": false,
    "isFacingAvatar": false
},
    {
    "id": "{08e5f122-412b-4929-b432-04f5a40551d4}",
    "type": "Model",
    "lastEdited": 1556301580729918,
    "parentID": "{3929e833-9927-4645-88a1-ad1fc2976cd5}",
    "name": "Pod Mod Chair",
    "localPosition": {
        "x": 1.1380424499511719,
        "y": -0.68212890625,
        "z": -0.795466959476471
    },
    "dimensions": {
        "x": 0.8894738554954529,
        "y": 0.8753615021705627,
        "z": 0.9862046837806702
    },
    "rotation": {
        "x": 0.0000152587890625,
        "y": -0.15132373571395874,
        "z": -0.0001068115234375,
        "w": 0.9884642362594604
    },
    "created": 1556301332445964,
    "lastEditedBy": "{7673bad1-c1bb-4acf-b7cf-cd2b10004b8a}",
    "queryAACube": {
        "x": -39.49597930908203,
        "y": 889.9877319335938,
        "z": 13.365432739257812,
        "scale": 1.5906040668487549
    },
    "grab": {
        "grabbable": false,
        "equippableLeftRotation": {
            "x": -0.0000152587890625,
            "y": -0.0000152587890625,
            "z": -0.0000152587890625,
            "w": 1
        },
        "equippableRightRotation": {
            "x": -0.0000152587890625,
            "y": -0.0000152587890625,
            "z": -0.0000152587890625,
            "w": 1
        }
    },
    "damping": 0,
    "angularDamping": 0,
    "modelURL": "https://cdn.highfidelity.com/DomainContent/production/Island-Office-Template-v1-baked/Chair-Varieta-White-Leather/baked/Chair-Varieta-White-Leather.baked.fbx",
    "animation": {
        "allowTranslation": false
    },
    "clientOnly": false,
    "avatarEntity": false,
    "localEntity": false,
    "faceCamera": false,
    "isFacingAvatar": false
},
    {
    "id": "{b8c98bbc-734a-4418-9c37-d426a33cc0a9}",
    "type": "Web",
    "lastEdited": 1556301580729918,
    "parentID": "{3929e833-9927-4645-88a1-ad1fc2976cd5}",
    "name": "Pod Mod Desk-Web",
    "localPosition": {
        "x": -1.3748397827148438,
        "y": -0.28924560546875,
        "z": 1.0215864181518555
    },
    "dimensions": {
        "x": 0.7381293177604675,
        "y": 0.46663516759872437,
        "z": 0.009999999776482582
    },
    "rotation": {
        "x": 0.39278244972229004,
        "y": -0.5870603322982788,
        "z": -0.3963225483894348,
        "w": -0.5865720510482788
    },
    "created": 1556301332444272,
    "lastEditedBy": "{7673bad1-c1bb-4acf-b7cf-cd2b10004b8a}",
    "queryAACube": {
        "x": -41.66481018066406,
        "y": 890.7400512695312,
        "z": 15.520600318908691,
        "scale": 0.8733174204826355
    },
    "grab": {
        "grabbable": false,
        "equippableLeftRotation": {
            "x": -0.0000152587890625,
            "y": -0.0000152587890625,
            "z": -0.0000152587890625,
            "w": 1
        },
        "equippableRightRotation": {
            "x": -0.0000152587890625,
            "y": -0.0000152587890625,
            "z": -0.0000152587890625,
            "w": 1
        }
    },
    "damping": 0,
    "angularDamping": 0,
    "collisionMask": 23,
    "collidesWith": "static,dynamic,kinematic,otherAvatar,",
    "sourceUrl": "https://highfidelity.com/",
    "dpi": 45,
    "clientOnly": false,
    "avatarEntity": false,
    "localEntity": false,
    "faceCamera": false,
    "isFacingAvatar": false
},
    {
    "id": "{f693560b-6ef9-4944-b7c2-f3747791282d}",
    "type": "Model",
    "lastEdited": 1556301580729918,
    "parentID": "{3929e833-9927-4645-88a1-ad1fc2976cd5}",
    "name": "Pod Mod Chair",
    "localPosition": {
        "x": 0.9923095703125,
        "y": -0.682373046875,
        "z": 1.4078093767166138
    },
    "dimensions": {
        "x": 0.8894738554954529,
        "y": 0.8753615021705627,
        "z": 0.9862046837806702
    },
    "rotation": {
        "x": -0.0000762939453125,
        "y": -0.9909361600875854,
        "z": -0.0001373291015625,
        "w": 0.13432514667510986
    },
    "created": 1556301332445213,
    "lastEditedBy": "{7673bad1-c1bb-4acf-b7cf-cd2b10004b8a}",
    "queryAACube": {
        "x": -39.65959167480469,
        "y": 889.9879150390625,
        "z": 15.567452430725098,
        "scale": 1.5906040668487549
    },
    "grab": {
        "grabbable": false,
        "equippableLeftRotation": {
            "x": -0.0000152587890625,
            "y": -0.0000152587890625,
            "z": -0.0000152587890625,
            "w": 1
        },
        "equippableRightRotation": {
            "x": -0.0000152587890625,