{
    "DataVersion": 0,
    "Entities": [
        {
            "id": "{54b6f7d0-0164-469c-8742-c10dbe4d70e3}",
            "type": "Box",
            "name": "tip jar box",
            "created": "2019-01-24T23:07:10Z",
            "lastEdited": 1548371317412615,
            "lastEditedBy": "{87f478e8-fcfa-4609-b339-5d13e074e377}",
            "dimensions": {
                "x": 0.47060835361480713,
                "y": 0.5698657631874084,
                "z": 0.47296142578125
            },
            "rotation": {
                "x": -0.0000152587890625,
                "y": -0.0000152587890625,
                "z": -0.0000152587890625,
                "w": 1
            },
            "visible": false,
            "damping": 0,
            "angularDamping": 0,
            "shapeType": "simple-hull",
            "queryAACube": {
                "x": -0.438723087310791,
                "y": -0.438723087310791,
                "z": -0.438723087310791,
                "scale": 0.877446174621582
            },
            "grab": {
                "grabbable": false,
                "triggerable": true,
                "equippableLeftRotation": {
                    "x": -0.0000152587890625,
                    "y": -0.0000152587890625,
                    "z": -0.0000152587890625,
                    "w": 1
                },
                "equippableRightRotation": {
                    "x": -0.0000152587890625,
                    "y": -0.0000152587890625,
                    "z": -0.0000152587890625,
                    "w": 1
                }
            }
        }
    ],
    "Id": "{3e2b3315-c1ba-4c69-b222-4030046d92e6}",
    "Version": 98
}