{
    "DataVersion": 0,
    "Entities": [
        {
            "id": "{54b6f7d0-0164-469c-8742-c10dbe4d70e3}",
            "type": "Box",
            "name": "tip jar box",
            "created": "2019-01-24T23:07:10Z",
            "lastEdited": 1548371317412615,
            "userData": "{\"destinationName\":\"this is who the money will go to\",\"hfcAmount\":1,\"message\":\"This is the message your guests will see and send to you\"}",
            "dimensions": {
                "x": 0.67060835361480713,
                "y": 0.7698657631874084,
                "z": 0.57296142578125
            },
            "rotation": {
                "x": -0.0000152587890625,
                "y": -0.0000152587890625,
                "z": -0.0000152587890625,
                "w": 1
            },
            "lastEditedBy": "{87f478e8-fcfa-4609-b339-5d13e074e377}",
            "queryAACube": {
                "x": -0.438723087310791,
                "y": -0.438723087310791,
                "z": -0.438723087310791,
                "scale": 0.877446174621582
            },
            "grab": {
                "grabbable": false,
                "triggerable": true,
                "equippableLeftRotation": {
                    "x": -0.0000152587890625,
                    "y": -0.0000152587890625,
                    "z": -0.0000152587890625,
                    "w": 1
                },
                "equippableRightRotation": {
                    "x": -0.0000152587890625,
                    "y": -0.0000152587890625,
                    "z": -0.0000152587890625,
                    "w": 1
                }
            },
            "damping": 0,
            "angularDamping": 0,
            "script": "../entityClientScripts/tipJar_client.js",
            "alpha": 0,
            "clientOnly": false,
            "avatarEntity": false,
            "localEntity": false,
            "faceCamera": false,
            "isFacingAvatar": false
        }
    ],
    "Id": "{3e2b3315-c1ba-4c69-b222-4030046d92e6}",
    "Version": 98
}